[
  {
    "Author": "Adiana",
    "Name": "FFSpeedDate",
    "InternalName": "FFSpeedDate",
    "AssemblyVersion": "1.0.0.1",
    "Description": "/speeddate",
    "RepoUrl": "https://github.com/Nay26/FFSpeedDate",
    "ApplicableVersion": "any",
    "Tags": [
      "sample",
      "plugin"
    ],
    "DalamudApiLevel": 7,
    "LoadPriority": 0,
    "Punchline": "A speed dating matchmaker",
    "DownloadLinkInstall": "https://github.com/Nay26/FFSpeedDate/raw/master/bin/FFSpeedDate.zip",
    "IsHide": false,
    "IsTestingExclusive": false,
    "DownloadLinkTesting": "https://github.com/Nay26/FFSpeedDate/raw/master/bin/FFSpeedDate.zip",
    "DownloadLinkUpdate": "https://github.com/Nay26/FFSpeedDate/raw/master/bin/FFSpeedDate.zip"
  }
]