[{
  "Author": "Adiana",
  "Name": "TruthOrDare",
  "InternalName": "TruthOrDare",
  "AssemblyVersion": "1.0.0.6",
  "Description": "/tord",
  "RepoUrl": "https://github.com/Nay26/TruthOrDare",
  "ApplicableVersion": "any",
  "Tags": [
    "sample",
    "plugin"
  ],
  "DalamudApiLevel": 7,
  "LoadPriority": 0,
  "Punchline": "My Truth or Dare plugin",
  "DownloadLinkInstall": "https://github.com/Nay26/TruthOrDare/raw/master/bin/TruthOrDare.zip",
  "IsHide": false,
  "IsTestingExclusive": false,
  "DownloadLinkTesting": "https://github.com/Nay26/TruthOrDare/raw/master/bin/TruthOrDare.zip",
  "DownloadLinkUpdate": "https://github.com/Nay26/TruthOrDare/raw/master/bin/TruthOrDare.zip"
}]